Target;TargetType;TargetMethod;Job;JobMode;JobPlatform;JobJit;JobFramework;JobToolchain;JobRuntime;Params;MeasurementLaunchIndex;MeasurementIterationMode;MeasurementIterationIndex;MeasurementNanoseconds;MeasurementOperations;MeasurementValue
MutableHierarchyInsertDelete.InsertAndDeleteNodesDeepWithPruning;MutableHierarchyInsertDelete;InsertAndDeleteNodesDeepWithPruning;;Throughput;Host;Host;Host;Classic;Host;;1;Pilot;1;618647923.13;20;30932396.16
MutableHierarchyInsertDelete.InsertAndDeleteNodesDeepWithPruning;MutableHierarchyInsertDelete;InsertAndDeleteNodesDeepWithPruning;;Throughput;Host;Host;Host;Classic;Host;;1;IdleWarmup;1;9854.07;20;492.7
MutableHierarchyInsertDelete.InsertAndDeleteNodesDeepWithPruning;MutableHierarchyInsertDelete;InsertAndDeleteNodesDeepWithPruning;;Throughput;Host;Host;Host;Classic;Host;;1;IdleWarmup;2;6979.97;20;349
MutableHierarchyInsertDelete.InsertAndDeleteNodesDeepWithPruning;MutableHierarchyInsertDelete;InsertAndDeleteNodesDeepWithPruning;;Throughput;Host;Host;Host;Classic;Host;;1;IdleWarmup;3;6979.97;20;349
MutableHierarchyInsertDelete.InsertAndDeleteNodesDeepWithPruning;MutableHierarchyInsertDelete;InsertAndDeleteNodesDeepWithPruning;;Throughput;Host;Host;Host;Classic;Host;;1;IdleWarmup;4;6979.97;20;349
MutableHierarchyInsertDelete.InsertAndDeleteNodesDeepWithPruning;MutableHierarchyInsertDelete;InsertAndDeleteNodesDeepWithPruning;;Throughput;Host;Host;Host;Classic;Host;;1;IdleWarmup;5;5748.21;20;287.41
MutableHierarchyInsertDelete.InsertAndDeleteNodesDeepWithPruning;MutableHierarchyInsertDelete;InsertAndDeleteNodesDeepWithPruning;;Throughput;Host;Host;Host;Classic;Host;;1;IdleWarmup;6;6979.97;20;349
MutableHierarchyInsertDelete.InsertAndDeleteNodesDeepWithPruning;MutableHierarchyInsertDelete;InsertAndDeleteNodesDeepWithPruning;;Throughput;Host;Host;Host;Classic;Host;;1;IdleTarget;1;6979.97;20;349
MutableHierarchyInsertDelete.InsertAndDeleteNodesDeepWithPruning;MutableHierarchyInsertDelete;InsertAndDeleteNodesDeepWithPruning;;Throughput;Host;Host;Host;Classic;Host;;1;IdleTarget;2;6979.97;20;349
MutableHierarchyInsertDelete.InsertAndDeleteNodesDeepWithPruning;MutableHierarchyInsertDelete;InsertAndDeleteNodesDeepWithPruning;;Throughput;Host;Host;Host;Classic;Host;;1;IdleTarget;3;6979.97;20;349
MutableHierarchyInsertDelete.InsertAndDeleteNodesDeepWithPruning;MutableHierarchyInsertDelete;InsertAndDeleteNodesDeepWithPruning;;Throughput;Host;Host;Host;Classic;Host;;1;IdleTarget;4;6158.79;20;307.94
MutableHierarchyInsertDelete.InsertAndDeleteNodesDeepWithPruning;MutableHierarchyInsertDelete;InsertAndDeleteNodesDeepWithPruning;;Throughput;Host;Host;Host;Classic;Host;;1;IdleTarget;5;6158.79;20;307.94
MutableHierarchyInsertDelete.InsertAndDeleteNodesDeepWithPruning;MutableHierarchyInsertDelete;InsertAndDeleteNodesDeepWithPruning;;Throughput;Host;Host;Host;Classic;Host;;1;IdleTarget;6;6979.97;20;349
MutableHierarchyInsertDelete.InsertAndDeleteNodesDeepWithPruning;MutableHierarchyInsertDelete;InsertAndDeleteNodesDeepWithPruning;;Throughput;Host;Host;Host;Classic;Host;;1;IdleTarget;7;5748.21;20;287.41
MutableHierarchyInsertDelete.InsertAndDeleteNodesDeepWithPruning;MutableHierarchyInsertDelete;InsertAndDeleteNodesDeepWithPruning;;Throughput;Host;Host;Host;Classic;Host;;1;IdleTarget;8;6158.79;20;307.94
MutableHierarchyInsertDelete.InsertAndDeleteNodesDeepWithPruning;MutableHierarchyInsertDelete;InsertAndDeleteNodesDeepWithPruning;;Throughput;Host;Host;Host;Classic;Host;;1;IdleTarget;9;5748.21;20;287.41
MutableHierarchyInsertDelete.InsertAndDeleteNodesDeepWithPruning;MutableHierarchyInsertDelete;InsertAndDeleteNodesDeepWithPruning;;Throughput;Host;Host;Host;Classic;Host;;1;IdleTarget;10;5748.21;20;287.41
MutableHierarchyInsertDelete.InsertAndDeleteNodesDeepWithPruning;MutableHierarchyInsertDelete;InsertAndDeleteNodesDeepWithPruning;;Throughput;Host;Host;Host;Classic;Host;;1;MainWarmup;1;615841155.69;20;30792057.78
MutableHierarchyInsertDelete.InsertAndDeleteNodesDeepWithPruning;MutableHierarchyInsertDelete;InsertAndDeleteNodesDeepWithPruning;;Throughput;Host;Host;Host;Classic;Host;;1;MainWarmup;2;616291979.36;20;30814598.97
MutableHierarchyInsertDelete.InsertAndDeleteNodesDeepWithPruning;MutableHierarchyInsertDelete;InsertAndDeleteNodesDeepWithPruning;;Throughput;Host;Host;Host;Classic;Host;;1;MainWarmup;3;624685183.01;20;31234259.15
MutableHierarchyInsertDelete.InsertAndDeleteNodesDeepWithPruning;MutableHierarchyInsertDelete;InsertAndDeleteNodesDeepWithPruning;;Throughput;Host;Host;Host;Classic;Host;;1;MainWarmup;4;638249309.6;20;31912465.48
MutableHierarchyInsertDelete.InsertAndDeleteNodesDeepWithPruning;MutableHierarchyInsertDelete;InsertAndDeleteNodesDeepWithPruning;;Throughput;Host;Host;Host;Classic;Host;;1;MainWarmup;5;620934067.24;20;31046703.36
MutableHierarchyInsertDelete.InsertAndDeleteNodesDeepWithPruning;MutableHierarchyInsertDelete;InsertAndDeleteNodesDeepWithPruning;;Throughput;Host;Host;Host;Classic;Host;;1;MainTarget;1;622402323.59;20;31120116.18
MutableHierarchyInsertDelete.InsertAndDeleteNodesDeepWithPruning;MutableHierarchyInsertDelete;InsertAndDeleteNodesDeepWithPruning;;Throughput;Host;Host;Host;Classic;Host;;1;MainTarget;2;618309189.49;20;30915459.47
MutableHierarchyInsertDelete.InsertAndDeleteNodesDeepWithPruning;MutableHierarchyInsertDelete;InsertAndDeleteNodesDeepWithPruning;;Throughput;Host;Host;Host;Classic;Host;;1;MainTarget;3;616801106.28;20;30840055.31
MutableHierarchyInsertDelete.InsertAndDeleteNodesDeepWithPruning;MutableHierarchyInsertDelete;InsertAndDeleteNodesDeepWithPruning;;Throughput;Host;Host;Host;Classic;Host;;1;MainTarget;4;619152944.19;20;30957647.21
MutableHierarchyInsertDelete.InsertAndDeleteNodesDeepWithPruning;MutableHierarchyInsertDelete;InsertAndDeleteNodesDeepWithPruning;;Throughput;Host;Host;Host;Classic;Host;;1;MainTarget;5;616910732.81;20;30845536.64
MutableHierarchyInsertDelete.InsertAndDeleteNodesDeepWithPruning;MutableHierarchyInsertDelete;InsertAndDeleteNodesDeepWithPruning;;Throughput;Host;Host;Host;Classic;Host;;1;Result;1;622396164.8;20;31119808.24
MutableHierarchyInsertDelete.InsertAndDeleteNodesDeepWithPruning;MutableHierarchyInsertDelete;InsertAndDeleteNodesDeepWithPruning;;Throughput;Host;Host;Host;Classic;Host;;1;Result;2;618303030.7;20;30915151.54
MutableHierarchyInsertDelete.InsertAndDeleteNodesDeepWithPruning;MutableHierarchyInsertDelete;InsertAndDeleteNodesDeepWithPruning;;Throughput;Host;Host;Host;Classic;Host;;1;Result;3;616794947.49;20;30839747.37
MutableHierarchyInsertDelete.InsertAndDeleteNodesDeepWithPruning;MutableHierarchyInsertDelete;InsertAndDeleteNodesDeepWithPruning;;Throughput;Host;Host;Host;Classic;Host;;1;Result;4;619146785.4;20;30957339.27
MutableHierarchyInsertDelete.InsertAndDeleteNodesDeepWithPruning;MutableHierarchyInsertDelete;InsertAndDeleteNodesDeepWithPruning;;Throughput;Host;Host;Host;Classic;Host;;1;Result;5;616904574.01;20;30845228.7
MutableHierarchyInsertDelete.InsertAndDeleteNodesDeepWithPruning;MutableHierarchyInsertDelete;InsertAndDeleteNodesDeepWithPruning;;Throughput;Host;Host;Host;Classic;Host;;2;Pilot;1;630667013.75;20;31533350.69
MutableHierarchyInsertDelete.InsertAndDeleteNodesDeepWithPruning;MutableHierarchyInsertDelete;InsertAndDeleteNodesDeepWithPruning;;Throughput;Host;Host;Host;Classic;Host;;2;IdleWarmup;1;9854.07;20;492.7
MutableHierarchyInsertDelete.InsertAndDeleteNodesDeepWithPruning;MutableHierarchyInsertDelete;InsertAndDeleteNodesDeepWithPruning;;Throughput;Host;Host;Host;Classic;Host;;2;IdleWarmup;2;6979.97;20;349
MutableHierarchyInsertDelete.InsertAndDeleteNodesDeepWithPruning;MutableHierarchyInsertDelete;InsertAndDeleteNodesDeepWithPruning;;Throughput;Host;Host;Host;Classic;Host;;2;IdleWarmup;3;6979.97;20;349
MutableHierarchyInsertDelete.InsertAndDeleteNodesDeepWithPruning;MutableHierarchyInsertDelete;InsertAndDeleteNodesDeepWithPruning;;Throughput;Host;Host;Host;Classic;Host;;2;IdleWarmup;4;6979.97;20;349
MutableHierarchyInsertDelete.InsertAndDeleteNodesDeepWithPruning;MutableHierarchyInsertDelete;InsertAndDeleteNodesDeepWithPruning;;Throughput;Host;Host;Host;Classic;Host;;2;IdleWarmup;5;6979.97;20;349
MutableHierarchyInsertDelete.InsertAndDeleteNodesDeepWithPruning;MutableHierarchyInsertDelete;InsertAndDeleteNodesDeepWithPruning;;Throughput;Host;Host;Host;Classic;Host;;2;IdleTarget;1;5748.21;20;287.41
MutableHierarchyInsertDelete.InsertAndDeleteNodesDeepWithPruning;MutableHierarchyInsertDelete;InsertAndDeleteNodesDeepWithPruning;;Throughput;Host;Host;Host;Classic;Host;;2;IdleTarget;2;5748.21;20;287.41
MutableHierarchyInsertDelete.InsertAndDeleteNodesDeepWithPruning;MutableHierarchyInsertDelete;InsertAndDeleteNodesDeepWithPruning;;Throughput;Host;Host;Host;Classic;Host;;2;IdleTarget;3;6979.97;20;349
MutableHierarchyInsertDelete.InsertAndDeleteNodesDeepWithPruning;MutableHierarchyInsertDelete;InsertAndDeleteNodesDeepWithPruning;;Throughput;Host;Host;Host;Classic;Host;;2;IdleTarget;4;6979.97;20;349
MutableHierarchyInsertDelete.InsertAndDeleteNodesDeepWithPruning;MutableHierarchyInsertDelete;InsertAndDeleteNodesDeepWithPruning;;Throughput;Host;Host;Host;Classic;Host;;2;IdleTarget;5;6979.97;20;349
MutableHierarchyInsertDelete.InsertAndDeleteNodesDeepWithPruning;MutableHierarchyInsertDelete;InsertAndDeleteNodesDeepWithPruning;;Throughput;Host;Host;Host;Classic;Host;;2;IdleTarget;6;6979.97;20;349
MutableHierarchyInsertDelete.InsertAndDeleteNodesDeepWithPruning;MutableHierarchyInsertDelete;InsertAndDeleteNodesDeepWithPruning;;Throughput;Host;Host;Host;Classic;Host;;2;IdleTarget;7;5748.21;20;287.41
MutableHierarchyInsertDelete.InsertAndDeleteNodesDeepWithPruning;MutableHierarchyInsertDelete;InsertAndDeleteNodesDeepWithPruning;;Throughput;Host;Host;Host;Classic;Host;;2;IdleTarget;8;6158.79;20;307.94
MutableHierarchyInsertDelete.InsertAndDeleteNodesDeepWithPruning;MutableHierarchyInsertDelete;InsertAndDeleteNodesDeepWithPruning;;Throughput;Host;Host;Host;Classic;Host;;2;IdleTarget;9;6158.79;20;307.94
MutableHierarchyInsertDelete.InsertAndDeleteNodesDeepWithPruning;MutableHierarchyInsertDelete;InsertAndDeleteNodesDeepWithPruning;;Throughput;Host;Host;Host;Classic;Host;;2;IdleTarget;10;5748.21;20;287.41
MutableHierarchyInsertDelete.InsertAndDeleteNodesDeepWithPruning;MutableHierarchyInsertDelete;InsertAndDeleteNodesDeepWithPruning;;Throughput;Host;Host;Host;Classic;Host;;2;MainWarmup;1;640831896.97;20;32041594.85
MutableHierarchyInsertDelete.InsertAndDeleteNodesDeepWithPruning;MutableHierarchyInsertDelete;InsertAndDeleteNodesDeepWithPruning;;Throughput;Host;Host;Host;Classic;Host;;2;MainWarmup;2;648409265.78;20;32420463.29
MutableHierarchyInsertDelete.InsertAndDeleteNodesDeepWithPruning;MutableHierarchyInsertDelete;InsertAndDeleteNodesDeepWithPruning;;Throughput;Host;Host;Host;Classic;Host;;2;MainWarmup;3;644009013.19;20;32200450.66
MutableHierarchyInsertDelete.InsertAndDeleteNodesDeepWithPruning;MutableHierarchyInsertDelete;InsertAndDeleteNodesDeepWithPruning;;Throughput;Host;Host;Host;Classic;Host;;2;MainWarmup;4;646635943.87;20;32331797.19
MutableHierarchyInsertDelete.InsertAndDeleteNodesDeepWithPruning;MutableHierarchyInsertDelete;InsertAndDeleteNodesDeepWithPruning;;Throughput;Host;Host;Host;Classic;Host;;2;MainWarmup;5;649263695.72;20;32463184.79
MutableHierarchyInsertDelete.InsertAndDeleteNodesDeepWithPruning;MutableHierarchyInsertDelete;InsertAndDeleteNodesDeepWithPruning;;Throughput;Host;Host;Host;Classic;Host;;2;MainTarget;1;621648076.69;20;31082403.83
MutableHierarchyInsertDelete.InsertAndDeleteNodesDeepWithPruning;MutableHierarchyInsertDelete;InsertAndDeleteNodesDeepWithPruning;;Throughput;Host;Host;Host;Classic;Host;;2;MainTarget;2;628543872.37;20;31427193.62
MutableHierarchyInsertDelete.InsertAndDeleteNodesDeepWithPruning;MutableHierarchyInsertDelete;InsertAndDeleteNodesDeepWithPruning;;Throughput;Host;Host;Host;Classic;Host;;2;MainTarget;3;632285134.07;20;31614256.7
MutableHierarchyInsertDelete.InsertAndDeleteNodesDeepWithPruning;MutableHierarchyInsertDelete;InsertAndDeleteNodesDeepWithPruning;;Throughput;Host;Host;Host;Classic;Host;;2;MainTarget;4;639854291.16;20;31992714.56
MutableHierarchyInsertDelete.InsertAndDeleteNodesDeepWithPruning;MutableHierarchyInsertDelete;InsertAndDeleteNodesDeepWithPruning;;Throughput;Host;Host;Host;Classic;Host;;2;MainTarget;5;620222110.73;20;31011105.54
MutableHierarchyInsertDelete.InsertAndDeleteNodesDeepWithPruning;MutableHierarchyInsertDelete;InsertAndDeleteNodesDeepWithPruning;;Throughput;Host;Host;Host;Classic;Host;;2;Result;1;621641917.9;20;31082095.9
MutableHierarchyInsertDelete.InsertAndDeleteNodesDeepWithPruning;MutableHierarchyInsertDelete;InsertAndDeleteNodesDeepWithPruning;;Throughput;Host;Host;Host;Classic;Host;;2;Result;2;628537713.58;20;31426885.68
MutableHierarchyInsertDelete.InsertAndDeleteNodesDeepWithPruning;MutableHierarchyInsertDelete;InsertAndDeleteNodesDeepWithPruning;;Throughput;Host;Host;Host;Classic;Host;;2;Result;3;632278975.28;20;31613948.76
MutableHierarchyInsertDelete.InsertAndDeleteNodesDeepWithPruning;MutableHierarchyInsertDelete;InsertAndDeleteNodesDeepWithPruning;;Throughput;Host;Host;Host;Classic;Host;;2;Result;4;639848132.37;20;31992406.62
MutableHierarchyInsertDelete.InsertAndDeleteNodesDeepWithPruning;MutableHierarchyInsertDelete;InsertAndDeleteNodesDeepWithPruning;;Throughput;Host;Host;Host;Classic;Host;;2;Result;5;620215951.93;20;31010797.6
MutableHierarchyInsertDelete.InsertAndDeleteNodesDeep;MutableHierarchyInsertDelete;InsertAndDeleteNodesDeep;;Throughput;Host;Host;Host;Classic;Host;;1;Pilot;1;659635924.98;20;32981796.25
MutableHierarchyInsertDelete.InsertAndDeleteNodesDeep;MutableHierarchyInsertDelete;InsertAndDeleteNodesDeep;;Throughput;Host;Host;Host;Classic;Host;;1;IdleWarmup;1;9854.07;20;492.7
MutableHierarchyInsertDelete.InsertAndDeleteNodesDeep;MutableHierarchyInsertDelete;InsertAndDeleteNodesDeep;;Throughput;Host;Host;Host;Classic;Host;;1;IdleWarmup;2;6979.97;20;349
MutableHierarchyInsertDelete.InsertAndDeleteNodesDeep;MutableHierarchyInsertDelete;InsertAndDeleteNodesDeep;;Throughput;Host;Host;Host;Classic;Host;;1;IdleWarmup;3;6158.79;20;307.94
MutableHierarchyInsertDelete.InsertAndDeleteNodesDeep;MutableHierarchyInsertDelete;InsertAndDeleteNodesDeep;;Throughput;Host;Host;Host;Classic;Host;;1;IdleWarmup;4;6979.97;20;349
MutableHierarchyInsertDelete.InsertAndDeleteNodesDeep;MutableHierarchyInsertDelete;InsertAndDeleteNodesDeep;;Throughput;Host;Host;Host;Classic;Host;;1;IdleWarmup;5;6979.97;20;349
MutableHierarchyInsertDelete.InsertAndDeleteNodesDeep;MutableHierarchyInsertDelete;InsertAndDeleteNodesDeep;;Throughput;Host;Host;Host;Classic;Host;;1;IdleWarmup;6;6158.79;20;307.94
MutableHierarchyInsertDelete.InsertAndDeleteNodesDeep;MutableHierarchyInsertDelete;InsertAndDeleteNodesDeep;;Throughput;Host;Host;Host;Classic;Host;;1;IdleWarmup;7;6979.97;20;349
MutableHierarchyInsertDelete.InsertAndDeleteNodesDeep;MutableHierarchyInsertDelete;InsertAndDeleteNodesDeep;;Throughput;Host;Host;Host;Classic;Host;;1;IdleTarget;1;6979.97;20;349
MutableHierarchyInsertDelete.InsertAndDeleteNodesDeep;MutableHierarchyInsertDelete;InsertAndDeleteNodesDeep;;Throughput;Host;Host;Host;Classic;Host;;1;IdleTarget;2;6979.97;20;349
MutableHierarchyInsertDelete.InsertAndDeleteNodesDeep;MutableHierarchyInsertDelete;InsertAndDeleteNodesDeep;;Throughput;Host;Host;Host;Classic;Host;;1;IdleTarget;3;6979.97;20;349
MutableHierarchyInsertDelete.InsertAndDeleteNodesDeep;MutableHierarchyInsertDelete;InsertAndDeleteNodesDeep;;Throughput;Host;Host;Host;Classic;Host;;1;IdleTarget;4;6979.97;20;349
MutableHierarchyInsertDelete.InsertAndDeleteNodesDeep;MutableHierarchyInsertDelete;InsertAndDeleteNodesDeep;;Throughput;Host;Host;Host;Classic;Host;;1;IdleTarget;5;6979.97;20;349
MutableHierarchyInsertDelete.InsertAndDeleteNodesDeep;MutableHierarchyInsertDelete;InsertAndDeleteNodesDeep;;Throughput;Host;Host;Host;Classic;Host;;1;IdleTarget;6;6979.97;20;349
MutableHierarchyInsertDelete.InsertAndDeleteNodesDeep;MutableHierarchyInsertDelete;InsertAndDeleteNodesDeep;;Throughput;Host;Host;Host;Classic;Host;;1;IdleTarget;7;6158.79;20;307.94
MutableHierarchyInsertDelete.InsertAndDeleteNodesDeep;MutableHierarchyInsertDelete;InsertAndDeleteNodesDeep;;Throughput;Host;Host;Host;Classic;Host;;1;IdleTarget;8;6158.79;20;307.94
MutableHierarchyInsertDelete.InsertAndDeleteNodesDeep;MutableHierarchyInsertDelete;InsertAndDeleteNodesDeep;;Throughput;Host;Host;Host;Classic;Host;;1;IdleTarget;9;6158.79;20;307.94
MutableHierarchyInsertDelete.InsertAndDeleteNodesDeep;MutableHierarchyInsertDelete;InsertAndDeleteNodesDeep;;Throughput;Host;Host;Host;Classic;Host;;1;IdleTarget;10;6979.97;20;349
MutableHierarchyInsertDelete.InsertAndDeleteNodesDeep;MutableHierarchyInsertDelete;InsertAndDeleteNodesDeep;;Throughput;Host;Host;Host;Classic;Host;;1;MainWarmup;1;619552855.18;20;30977642.76
MutableHierarchyInsertDelete.InsertAndDeleteNodesDeep;MutableHierarchyInsertDelete;InsertAndDeleteNodesDeep;;Throughput;Host;Host;Host;Classic;Host;;1;MainWarmup;2;622243837.31;20;31112191.87
MutableHierarchyInsertDelete.InsertAndDeleteNodesDeep;MutableHierarchyInsertDelete;InsertAndDeleteNodesDeep;;Throughput;Host;Host;Host;Classic;Host;;1;MainWarmup;3;625828255.07;20;31291412.75
MutableHierarchyInsertDelete.InsertAndDeleteNodesDeep;MutableHierarchyInsertDelete;InsertAndDeleteNodesDeep;;Throughput;Host;Host;Host;Classic;Host;;1;MainWarmup;4;624998049.72;20;31249902.49
MutableHierarchyInsertDelete.InsertAndDeleteNodesDeep;MutableHierarchyInsertDelete;InsertAndDeleteNodesDeep;;Throughput;Host;Host;Host;Classic;Host;;1;MainWarmup;5;622759123.02;20;31137956.15
MutableHierarchyInsertDelete.InsertAndDeleteNodesDeep;MutableHierarchyInsertDelete;InsertAndDeleteNodesDeep;;Throughput;Host;Host;Host;Classic;Host;;1;MainWarmup;6;620854002.93;20;31042700.15
MutableHierarchyInsertDelete.InsertAndDeleteNodesDeep;MutableHierarchyInsertDelete;InsertAndDeleteNodesDeep;;Throughput;Host;Host;Host;Classic;Host;;1;MainWarmup;7;621433750.68;20;31071687.53
MutableHierarchyInsertDelete.InsertAndDeleteNodesDeep;MutableHierarchyInsertDelete;InsertAndDeleteNodesDeep;;Throughput;Host;Host;Host;Classic;Host;;1;MainTarget;1;623158623.42;20;31157931.17
MutableHierarchyInsertDelete.InsertAndDeleteNodesDeep;MutableHierarchyInsertDelete;InsertAndDeleteNodesDeep;;Throughput;Host;Host;Host;Classic;Host;;1;MainTarget;2;640359722.81;20;32017986.14
MutableHierarchyInsertDelete.InsertAndDeleteNodesDeep;MutableHierarchyInsertDelete;InsertAndDeleteNodesDeep;;Throughput;Host;Host;Host;Classic;Host;;1;MainTarget;3;619274067.13;20;30963703.36
MutableHierarchyInsertDelete.InsertAndDeleteNodesDeep;MutableHierarchyInsertDelete;InsertAndDeleteNodesDeep;;Throughput;Host;Host;Host;Classic;Host;;1;MainTarget;4;621014952.73;20;31050747.64
MutableHierarchyInsertDelete.InsertAndDeleteNodesDeep;MutableHierarchyInsertDelete;InsertAndDeleteNodesDeep;;Throughput;Host;Host;Host;Classic;Host;;1;MainTarget;5;623177099.8;20;31158854.99
MutableHierarchyInsertDelete.InsertAndDeleteNodesDeep;MutableHierarchyInsertDelete;InsertAndDeleteNodesDeep;;Throughput;Host;Host;Host;Classic;Host;;1;Result;1;623151643.45;20;31157582.17
MutableHierarchyInsertDelete.InsertAndDeleteNodesDeep;MutableHierarchyInsertDelete;InsertAndDeleteNodesDeep;;Throughput;Host;Host;Host;Classic;Host;;1;Result;2;640352742.84;20;32017637.14
MutableHierarchyInsertDelete.InsertAndDeleteNodesDeep;MutableHierarchyInsertDelete;InsertAndDeleteNodesDeep;;Throughput;Host;Host;Host;Classic;Host;;1;Result;3;619267087.16;20;30963354.36
MutableHierarchyInsertDelete.InsertAndDeleteNodesDeep;MutableHierarchyInsertDelete;InsertAndDeleteNodesDeep;;Throughput;Host;Host;Host;Classic;Host;;1;Result;4;621007972.76;20;31050398.64
MutableHierarchyInsertDelete.InsertAndDeleteNodesDeep;MutableHierarchyInsertDelete;InsertAndDeleteNodesDeep;;Throughput;Host;Host;Host;Classic;Host;;1;Result;5;623170119.83;20;31158505.99
MutableHierarchyInsertDelete.InsertAndDeleteNodesDeep;MutableHierarchyInsertDelete;InsertAndDeleteNodesDeep;;Throughput;Host;Host;Host;Classic;Host;;2;Pilot;1;620532924.5;20;31026646.23
MutableHierarchyInsertDelete.InsertAndDeleteNodesDeep;MutableHierarchyInsertDelete;InsertAndDeleteNodesDeep;;Throughput;Host;Host;Host;Classic;Host;;2;IdleWarmup;1;9854.07;20;492.7
MutableHierarchyInsertDelete.InsertAndDeleteNodesDeep;MutableHierarchyInsertDelete;InsertAndDeleteNodesDeep;;Throughput;Host;Host;Host;Classic;Host;;2;IdleWarmup;2;5748.21;20;287.41
MutableHierarchyInsertDelete.InsertAndDeleteNodesDeep;MutableHierarchyInsertDelete;InsertAndDeleteNodesDeep;;Throughput;Host;Host;Host;Classic;Host;;2;IdleWarmup;3;6158.79;20;307.94
MutableHierarchyInsertDelete.InsertAndDeleteNodesDeep;MutableHierarchyInsertDelete;InsertAndDeleteNodesDeep;;Throughput;Host;Host;Host;Classic;Host;;2;IdleWarmup;4;6979.97;20;349
MutableHierarchyInsertDelete.InsertAndDeleteNodesDeep;MutableHierarchyInsertDelete;InsertAndDeleteNodesDeep;;Throughput;Host;Host;Host;Classic;Host;;2;IdleWarmup;5;6979.97;20;349
MutableHierarchyInsertDelete.InsertAndDeleteNodesDeep;MutableHierarchyInsertDelete;InsertAndDeleteNodesDeep;;Throughput;Host;Host;Host;Classic;Host;;2;IdleTarget;1;6158.79;20;307.94
MutableHierarchyInsertDelete.InsertAndDeleteNodesDeep;MutableHierarchyInsertDelete;InsertAndDeleteNodesDeep;;Throughput;Host;Host;Host;Classic;Host;;2;IdleTarget;2;6979.97;20;349
MutableHierarchyInsertDelete.InsertAndDeleteNodesDeep;MutableHierarchyInsertDelete;InsertAndDeleteNodesDeep;;Throughput;Host;Host;Host;Classic;Host;;2;IdleTarget;3;5748.21;20;287.41
MutableHierarchyInsertDelete.InsertAndDeleteNodesDeep;MutableHierarchyInsertDelete;InsertAndDeleteNodesDeep;;Throughput;Host;Host;Host;Classic;Host;;2;IdleTarget;4;6979.97;20;349
MutableHierarchyInsertDelete.InsertAndDeleteNodesDeep;MutableHierarchyInsertDelete;InsertAndDeleteNodesDeep;;Throughput;Host;Host;Host;Classic;Host;;2;IdleTarget;5;6979.97;20;349
MutableHierarchyInsertDelete.InsertAndDeleteNodesDeep;MutableHierarchyInsertDelete;InsertAndDeleteNodesDeep;;Throughput;Host;Host;Host;Classic;Host;;2;IdleTarget;6;6979.97;20;349
MutableHierarchyInsertDelete.InsertAndDeleteNodesDeep;MutableHierarchyInsertDelete;InsertAndDeleteNodesDeep;;Throughput;Host;Host;Host;Classic;Host;;2;IdleTarget;7;6979.97;20;349
MutableHierarchyInsertDelete.InsertAndDeleteNodesDeep;MutableHierarchyInsertDelete;InsertAndDeleteNodesDeep;;Throughput;Host;Host;Host;Classic;Host;;2;IdleTarget;8;6979.97;20;349
MutableHierarchyInsertDelete.InsertAndDeleteNodesDeep;MutableHierarchyInsertDelete;InsertAndDeleteNodesDeep;;Throughput;Host;Host;Host;Classic;Host;;2;IdleTarget;9;5748.21;20;287.41
MutableHierarchyInsertDelete.InsertAndDeleteNodesDeep;MutableHierarchyInsertDelete;InsertAndDeleteNodesDeep;;Throughput;Host;Host;Host;Classic;Host;;2;IdleTarget;10;6158.79;20;307.94
MutableHierarchyInsertDelete.InsertAndDeleteNodesDeep;MutableHierarchyInsertDelete;InsertAndDeleteNodesDeep;;Throughput;Host;Host;Host;Classic;Host;;2;MainWarmup;1;634904674.2;20;31745233.71
MutableHierarchyInsertDelete.InsertAndDeleteNodesDeep;MutableHierarchyInsertDelete;InsertAndDeleteNodesDeep;;Throughput;Host;Host;Host;Classic;Host;;2;MainWarmup;2;635564896.85;20;31778244.84
MutableHierarchyInsertDelete.InsertAndDeleteNodesDeep;MutableHierarchyInsertDelete;InsertAndDeleteNodesDeep;;Throughput;Host;Host;Host;Classic;Host;;2;MainWarmup;3;652368959.35;20;32618447.97
MutableHierarchyInsertDelete.InsertAndDeleteNodesDeep;MutableHierarchyInsertDelete;InsertAndDeleteNodesDeep;;Throughput;Host;Host;Host;Classic;Host;;2;MainWarmup;4;635355908.46;20;31767795.42
MutableHierarchyInsertDelete.InsertAndDeleteNodesDeep;MutableHierarchyInsertDelete;InsertAndDeleteNodesDeep;;Throughput;Host;Host;Host;Classic;Host;;2;MainWarmup;5;637480281.6;20;31874014.08
MutableHierarchyInsertDelete.InsertAndDeleteNodesDeep;MutableHierarchyInsertDelete;InsertAndDeleteNodesDeep;;Throughput;Host;Host;Host;Classic;Host;;2;MainTarget;1;625700152.16;20;31285007.61
MutableHierarchyInsertDelete.InsertAndDeleteNodesDeep;MutableHierarchyInsertDelete;InsertAndDeleteNodesDeep;;Throughput;Host;Host;Host;Classic;Host;;2;MainTarget;2;618939028.77;20;30946951.44
MutableHierarchyInsertDelete.InsertAndDeleteNodesDeep;MutableHierarchyInsertDelete;InsertAndDeleteNodesDeep;;Throughput;Host;Host;Host;Classic;Host;;2;MainTarget;3;621152909.7;20;31057645.49
MutableHierarchyInsertDelete.InsertAndDeleteNodesDeep;MutableHierarchyInsertDelete;InsertAndDeleteNodesDeep;;Throughput;Host;Host;Host;Classic;Host;;2;MainTarget;4;619779909.36;20;30988995.47
MutableHierarchyInsertDelete.InsertAndDeleteNodesDeep;MutableHierarchyInsertDelete;InsertAndDeleteNodesDeep;;Throughput;Host;Host;Host;Classic;Host;;2;MainTarget;5;624860092.74;20;31243004.64
MutableHierarchyInsertDelete.InsertAndDeleteNodesDeep;MutableHierarchyInsertDelete;InsertAndDeleteNodesDeep;;Throughput;Host;Host;Host;Classic;Host;;2;Result;1;625693172.2;20;31284658.61
MutableHierarchyInsertDelete.InsertAndDeleteNodesDeep;MutableHierarchyInsertDelete;InsertAndDeleteNodesDeep;;Throughput;Host;Host;Host;Classic;Host;;2;Result;2;618932048.8;20;30946602.44
MutableHierarchyInsertDelete.InsertAndDeleteNodesDeep;MutableHierarchyInsertDelete;InsertAndDeleteNodesDeep;;Throughput;Host;Host;Host;Classic;Host;;2;Result;3;621145929.74;20;31057296.49
MutableHierarchyInsertDelete.InsertAndDeleteNodesDeep;MutableHierarchyInsertDelete;InsertAndDeleteNodesDeep;;Throughput;Host;Host;Host;Classic;Host;;2;Result;4;619772929.39;20;30988646.47
MutableHierarchyInsertDelete.InsertAndDeleteNodesDeep;MutableHierarchyInsertDelete;InsertAndDeleteNodesDeep;;Throughput;Host;Host;Host;Classic;Host;;2;Result;5;624853112.78;20;31242655.64
MutableHierarchyInsertDelete.InsertAndDeleteNodesShallowWithPruning;MutableHierarchyInsertDelete;InsertAndDeleteNodesShallowWithPruning;;Throughput;Host;Host;Host;Classic;Host;;1;Pilot;1;591694990.27;20;29584749.51
MutableHierarchyInsertDelete.InsertAndDeleteNodesShallowWithPruning;MutableHierarchyInsertDelete;InsertAndDeleteNodesShallowWithPruning;;Throughput;Host;Host;Host;Classic;Host;;1;IdleWarmup;1;10264.66;20;513.23
MutableHierarchyInsertDelete.InsertAndDeleteNodesShallowWithPruning;MutableHierarchyInsertDelete;InsertAndDeleteNodesShallowWithPruning;;Throughput;Host;Host;Host;Classic;Host;;1;IdleWarmup;2;6979.97;20;349
MutableHierarchyInsertDelete.InsertAndDeleteNodesShallowWithPruning;MutableHierarchyInsertDelete;InsertAndDeleteNodesShallowWithPruning;;Throughput;Host;Host;Host;Classic;Host;;1;IdleWarmup;3;6979.97;20;349
MutableHierarchyInsertDelete.InsertAndDeleteNodesShallowWithPruning;MutableHierarchyInsertDelete;InsertAndDeleteNodesShallowWithPruning;;Throughput;Host;Host;Host;Classic;Host;;1;IdleWarmup;4;6158.79;20;307.94
MutableHierarchyInsertDelete.InsertAndDeleteNodesShallowWithPruning;MutableHierarchyInsertDelete;InsertAndDeleteNodesShallowWithPruning;;Throughput;Host;Host;Host;Classic;Host;;1;IdleWarmup;5;6979.97;20;349
MutableHierarchyInsertDelete.InsertAndDeleteNodesShallowWithPruning;MutableHierarchyInsertDelete;InsertAndDeleteNodesShallowWithPruning;;Throughput;Host;Host;Host;Classic;Host;;1;IdleWarmup;6;6979.97;20;349
MutableHierarchyInsertDelete.InsertAndDeleteNodesShallowWithPruning;MutableHierarchyInsertDelete;InsertAndDeleteNodesShallowWithPruning;;Throughput;Host;Host;Host;Classic;Host;;1;IdleTarget;1;6979.97;20;349
MutableHierarchyInsertDelete.InsertAndDeleteNodesShallowWithPruning;MutableHierarchyInsertDelete;InsertAndDeleteNodesShallowWithPruning;;Throughput;Host;Host;Host;Classic;Host;;1;IdleTarget;2;5748.21;20;287.41
MutableHierarchyInsertDelete.InsertAndDeleteNodesShallowWithPruning;MutableHierarchyInsertDelete;InsertAndDeleteNodesShallowWithPruning;;Throughput;Host;Host;Host;Classic;Host;;1;IdleTarget;3;6979.97;20;349
MutableHierarchyInsertDelete.InsertAndDeleteNodesShallowWithPruning;MutableHierarchyInsertDelete;InsertAndDeleteNodesShallowWithPruning;;Throughput;Host;Host;Host;Classic;Host;;1;IdleTarget;4;6979.97;20;349
MutableHierarchyInsertDelete.InsertAndDeleteNodesShallowWithPruning;MutableHierarchyInsertDelete;InsertAndDeleteNodesShallowWithPruning;;Throughput;Host;Host;Host;Classic;Host;;1;IdleTarget;5;6979.97;20;349
MutableHierarchyInsertDelete.InsertAndDeleteNodesShallowWithPruning;MutableHierarchyInsertDelete;InsertAndDeleteNodesShallowWithPruning;;Throughput;Host;Host;Host;Classic;Host;;1;IdleTarget;6;6979.97;20;349
MutableHierarchyInsertDelete.InsertAndDeleteNodesShallowWithPruning;MutableHierarchyInsertDelete;InsertAndDeleteNodesShallowWithPruning;;Throughput;Host;Host;Host;Classic;Host;;1;IdleTarget;7;6979.97;20;349
MutableHierarchyInsertDelete.InsertAndDeleteNodesShallowWithPruning;MutableHierarchyInsertDelete;InsertAndDeleteNodesShallowWithPruning;;Throughput;Host;Host;Host;Classic;Host;;1;IdleTarget;8;6979.97;20;349
MutableHierarchyInsertDelete.InsertAndDeleteNodesShallowWithPruning;MutableHierarchyInsertDelete;InsertAndDeleteNodesShallowWithPruning;;Throughput;Host;Host;Host;Classic;Host;;1;IdleTarget;9;6979.97;20;349
MutableHierarchyInsertDelete.InsertAndDeleteNodesShallowWithPruning;MutableHierarchyInsertDelete;InsertAndDeleteNodesShallowWithPruning;;Throughput;Host;Host;Host;Classic;Host;;1;IdleTarget;10;5748.21;20;287.41
MutableHierarchyInsertDelete.InsertAndDeleteNodesShallowWithPruning;MutableHierarchyInsertDelete;InsertAndDeleteNodesShallowWithPruning;;Throughput;Host;Host;Host;Classic;Host;;1;MainWarmup;1;589384210.99;20;29469210.55
MutableHierarchyInsertDelete.InsertAndDeleteNodesShallowWithPruning;MutableHierarchyInsertDelete;InsertAndDeleteNodesShallowWithPruning;;Throughput;Host;Host;Host;Classic;Host;;1;MainWarmup;2;590607757.94;20;29530387.9
MutableHierarchyInsertDelete.InsertAndDeleteNodesShallowWithPruning;MutableHierarchyInsertDelete;InsertAndDeleteNodesShallowWithPruning;;Throughput;Host;Host;Host;Classic;Host;;1;MainWarmup;3;589051225.56;20;29452561.28
MutableHierarchyInsertDelete.InsertAndDeleteNodesShallowWithPruning;MutableHierarchyInsertDelete;InsertAndDeleteNodesShallowWithPruning;;Throughput;Host;Host;Host;Classic;Host;;1;MainWarmup;4;588354050.15;20;29417702.51
MutableHierarchyInsertDelete.InsertAndDeleteNodesShallowWithPruning;MutableHierarchyInsertDelete;InsertAndDeleteNodesShallowWithPruning;;Throughput;Host;Host;Host;Classic;Host;;1;MainWarmup;5;596916004.73;20;29845800.24
MutableHierarchyInsertDelete.InsertAndDeleteNodesShallowWithPruning;MutableHierarchyInsertDelete;InsertAndDeleteNodesShallowWithPruning;;Throughput;Host;Host;Host;Classic;Host;;1;MainWarmup;6;589666694.31;20;29483334.72
MutableHierarchyInsertDelete.InsertAndDeleteNodesShallowWithPruning;MutableHierarchyInsertDelete;InsertAndDeleteNodesShallowWithPruning;;Throughput;Host;Host;Host;Classic;Host;;1;MainWarmup;7;590964967.96;20;29548248.4
MutableHierarchyInsertDelete.InsertAndDeleteNodesShallowWithPruning;MutableHierarchyInsertDelete;InsertAndDeleteNodesShallowWithPruning;;Throughput;Host;Host;Host;Classic;Host;;1;MainTarget;1;587690953.39;20;29384547.67
MutableHierarchyInsertDelete.InsertAndDeleteNodesShallowWithPruning;MutableHierarchyInsertDelete;InsertAndDeleteNodesShallowWithPruning;;Throughput;Host;Host;Host;Classic;Host;;1;MainTarget;2;589148123.91;20;29457406.2
MutableHierarchyInsertDelete.InsertAndDeleteNodesShallowWithPruning;MutableHierarchyInsertDelete;InsertAndDeleteNodesShallowWithPruning;;Throughput;Host;Host;Host;Classic;Host;;1;MainTarget;3;595375074.62;20;29768753.73
MutableHierarchyInsertDelete.InsertAndDeleteNodesShallowWithPruning;MutableHierarchyInsertDelete;InsertAndDeleteNodesShallowWithPruning;;Throughput;Host;Host;Host;Classic;Host;;1;MainTarget;4;590268203.14;20;29513410.16
MutableHierarchyInsertDelete.InsertAndDeleteNodesShallowWithPruning;MutableHierarchyInsertDelete;InsertAndDeleteNodesShallowWithPruning;;Throughput;Host;Host;Host;Classic;Host;;1;MainTarget;5;615637915.5;20;30781895.78
MutableHierarchyInsertDelete.InsertAndDeleteNodesShallowWithPruning;MutableHierarchyInsertDelete;InsertAndDeleteNodesShallowWithPruning;;Throughput;Host;Host;Host;Classic;Host;;1;Result;1;587683973.42;20;29384198.67
MutableHierarchyInsertDelete.InsertAndDeleteNodesShallowWithPruning;MutableHierarchyInsertDelete;InsertAndDeleteNodesShallowWithPruning;;Throughput;Host;Host;Host;Classic;Host;;1;Result;2;589141143.94;20;29457057.2
MutableHierarchyInsertDelete.InsertAndDeleteNodesShallowWithPruning;MutableHierarchyInsertDelete;InsertAndDeleteNodesShallowWithPruning;;Throughput;Host;Host;Host;Classic;Host;;1;Result;3;595368094.66;20;29768404.73
MutableHierarchyInsertDelete.InsertAndDeleteNodesShallowWithPruning;MutableHierarchyInsertDelete;InsertAndDeleteNodesShallowWithPruning;;Throughput;Host;Host;Host;Classic;Host;;1;Result;4;590261223.17;20;29513061.16
MutableHierarchyInsertDelete.InsertAndDeleteNodesShallowWithPruning;MutableHierarchyInsertDelete;InsertAndDeleteNodesShallowWithPruning;;Throughput;Host;Host;Host;Classic;Host;;1;Result;5;615630935.54;20;30781546.78
MutableHierarchyInsertDelete.InsertAndDeleteNodesShallowWithPruning;MutableHierarchyInsertDelete;InsertAndDeleteNodesShallowWithPruning;;Throughput;Host;Host;Host;Classic;Host;;2;Pilot;1;576044264.48;20;28802213.22
MutableHierarchyInsertDelete.InsertAndDeleteNodesShallowWithPruning;MutableHierarchyInsertDelete;InsertAndDeleteNodesShallowWithPruning;;Throughput;Host;Host;Host;Classic;Host;;2;IdleWarmup;1;9854.07;20;492.7
MutableHierarchyInsertDelete.InsertAndDeleteNodesShallowWithPruning;MutableHierarchyInsertDelete;InsertAndDeleteNodesShallowWithPruning;;Throughput;Host;Host;Host;Classic;Host;;2;IdleWarmup;2;6979.97;20;349
MutableHierarchyInsertDelete.InsertAndDeleteNodesShallowWithPruning;MutableHierarchyInsertDelete;InsertAndDeleteNodesShallowWithPruning;;Throughput;Host;Host;Host;Classic;Host;;2;IdleWarmup;3;6979.97;20;349
MutableHierarchyInsertDelete.InsertAndDeleteNodesShallowWithPruning;MutableHierarchyInsertDelete;InsertAndDeleteNodesShallowWithPruning;;Throughput;Host;Host;Host;Classic;Host;;2;IdleWarmup;4;6979.97;20;349
MutableHierarchyInsertDelete.InsertAndDeleteNodesShallowWithPruning;MutableHierarchyInsertDelete;InsertAndDeleteNodesShallowWithPruning;;Throughput;Host;Host;Host;Classic;Host;;2;IdleWarmup;5;6979.97;20;349
MutableHierarchyInsertDelete.InsertAndDeleteNodesShallowWithPruning;MutableHierarchyInsertDelete;InsertAndDeleteNodesShallowWithPruning;;Throughput;Host;Host;Host;Classic;Host;;2;IdleTarget;1;6979.97;20;349
MutableHierarchyInsertDelete.InsertAndDeleteNodesShallowWithPruning;MutableHierarchyInsertDelete;InsertAndDeleteNodesShallowWithPruning;;Throughput;Host;Host;Host;Classic;Host;;2;IdleTarget;2;6979.97;20;349
MutableHierarchyInsertDelete.InsertAndDeleteNodesShallowWithPruning;MutableHierarchyInsertDelete;InsertAndDeleteNodesShallowWithPruning;;Throughput;Host;Host;Host;Classic;Host;;2;IdleTarget;3;6979.97;20;349
MutableHierarchyInsertDelete.InsertAndDeleteNodesShallowWithPruning;MutableHierarchyInsertDelete;InsertAndDeleteNodesShallowWithPruning;;Throughput;Host;Host;Host;Classic;Host;;2;IdleTarget;4;7390.55;20;369.53
MutableHierarchyInsertDelete.InsertAndDeleteNodesShallowWithPruning;MutableHierarchyInsertDelete;InsertAndDeleteNodesShallowWithPruning;;Throughput;Host;Host;Host;Classic;Host;;2;IdleTarget;5;6979.97;20;349
MutableHierarchyInsertDelete.InsertAndDeleteNodesShallowWithPruning;MutableHierarchyInsertDelete;InsertAndDeleteNodesShallowWithPruning;;Throughput;Host;Host;Host;Classic;Host;;2;IdleTarget;6;6158.79;20;307.94
MutableHierarchyInsertDelete.InsertAndDeleteNodesShallowWithPruning;MutableHierarchyInsertDelete;InsertAndDeleteNodesShallowWithPruning;;Throughput;Host;Host;Host;Classic;Host;;2;IdleTarget;7;6158.79;20;307.94
MutableHierarchyInsertDelete.InsertAndDeleteNodesShallowWithPruning;MutableHierarchyInsertDelete;InsertAndDeleteNodesShallowWithPruning;;Throughput;Host;Host;Host;Classic;Host;;2;IdleTarget;8;6979.97;20;349
MutableHierarchyInsertDelete.InsertAndDeleteNodesShallowWithPruning;MutableHierarchyInsertDelete;InsertAndDeleteNodesShallowWithPruning;;Throughput;Host;Host;Host;Classic;Host;;2;IdleTarget;9;5748.21;20;287.41
MutableHierarchyInsertDelete.InsertAndDeleteNodesShallowWithPruning;MutableHierarchyInsertDelete;InsertAndDeleteNodesShallowWithPruning;;Throughput;Host;Host;Host;Classic;Host;;2;IdleTarget;10;6979.97;20;349
MutableHierarchyInsertDelete.InsertAndDeleteNodesShallowWithPruning;MutableHierarchyInsertDelete;InsertAndDeleteNodesShallowWithPruning;;Throughput;Host;Host;Host;Classic;Host;;2;MainWarmup;1;573943294.76;20;28697164.74
MutableHierarchyInsertDelete.InsertAndDeleteNodesShallowWithPruning;MutableHierarchyInsertDelete;InsertAndDeleteNodesShallowWithPruning;;Throughput;Host;Host;Host;Classic;Host;;2;MainWarmup;2;571806193.45;20;28590309.67
MutableHierarchyInsertDelete.InsertAndDeleteNodesShallowWithPruning;MutableHierarchyInsertDelete;InsertAndDeleteNodesShallowWithPruning;;Throughput;Host;Host;Host;Classic;Host;;2;MainWarmup;3;570913989.58;20;28545699.48
MutableHierarchyInsertDelete.InsertAndDeleteNodesShallowWithPruning;MutableHierarchyInsertDelete;InsertAndDeleteNodesShallowWithPruning;;Throughput;Host;Host;Host;Classic;Host;;2;MainWarmup;4;578707737.33;20;28935386.87
MutableHierarchyInsertDelete.InsertAndDeleteNodesShallowWithPruning;MutableHierarchyInsertDelete;InsertAndDeleteNodesShallowWithPruning;;Throughput;Host;Host;Host;Classic;Host;;2;MainWarmup;5;576582953.61;20;28829147.68
MutableHierarchyInsertDelete.InsertAndDeleteNodesShallowWithPruning;MutableHierarchyInsertDelete;InsertAndDeleteNodesShallowWithPruning;;Throughput;Host;Host;Host;Classic;Host;;2;MainWarmup;6;572146980.02;20;28607349
MutableHierarchyInsertDelete.InsertAndDeleteNodesShallowWithPruning;MutableHierarchyInsertDelete;InsertAndDeleteNodesShallowWithPruning;;Throughput;Host;Host;Host;Classic;Host;;2;MainWarmup;7;571999990.15;20;28599999.51
MutableHierarchyInsertDelete.InsertAndDeleteNodesShallowWithPruning;MutableHierarchyInsertDelete;InsertAndDeleteNodesShallowWithPruning;;Throughput;Host;Host;Host;Classic;Host;;2;MainWarmup;8;577305995.95;20;28865299.8
MutableHierarchyInsertDelete.InsertAndDeleteNodesShallowWithPruning;MutableHierarchyInsertDelete;InsertAndDeleteNodesShallowWithPruning;;Throughput;Host;Host;Host;Classic;Host;;2;MainWarmup;9;571323754.63;20;28566187.73
MutableHierarchyInsertDelete.InsertAndDeleteNodesShallowWithPruning;MutableHierarchyInsertDelete;InsertAndDeleteNodesShallowWithPruning;;Throughput;Host;Host;Host;Classic;Host;;2;MainWarmup;10;574082894.07;20;28704144.7
MutableHierarchyInsertDelete.InsertAndDeleteNodesShallowWithPruning;MutableHierarchyInsertDelete;InsertAndDeleteNodesShallowWithPruning;;Throughput;Host;Host;Host;Classic;Host;;2;MainTarget;1;571194830.56;20;28559741.53
MutableHierarchyInsertDelete.InsertAndDeleteNodesShallowWithPruning;MutableHierarchyInsertDelete;InsertAndDeleteNodesShallowWithPruning;;Throughput;Host;Host;Host;Classic;Host;;2;MainTarget;2;573529013.25;20;28676450.66
MutableHierarchyInsertDelete.InsertAndDeleteNodesShallowWithPruning;MutableHierarchyInsertDelete;InsertAndDeleteNodesShallowWithPruning;;Throughput;Host;Host;Host;Classic;Host;;2;MainTarget;3;572911902.16;20;28645595.11
MutableHierarchyInsertDelete.InsertAndDeleteNodesShallowWithPruning;MutableHierarchyInsertDelete;InsertAndDeleteNodesShallowWithPruning;;Throughput;Host;Host;Host;Classic;Host;;2;MainTarget;4;574611318.55;20;28730565.93
MutableHierarchyInsertDelete.InsertAndDeleteNodesShallowWithPruning;MutableHierarchyInsertDelete;InsertAndDeleteNodesShallowWithPruning;;Throughput;Host;Host;Host;Classic;Host;;2;MainTarget;5;576014291.69;20;28800714.58
MutableHierarchyInsertDelete.InsertAndDeleteNodesShallowWithPruning;MutableHierarchyInsertDelete;InsertAndDeleteNodesShallowWithPruning;;Throughput;Host;Host;Host;Classic;Host;;2;Result;1;571187850.59;20;28559392.53
MutableHierarchyInsertDelete.InsertAndDeleteNodesShallowWithPruning;MutableHierarchyInsertDelete;InsertAndDeleteNodesShallowWithPruning;;Throughput;Host;Host;Host;Classic;Host;;2;Result;2;573522033.29;20;28676101.66
MutableHierarchyInsertDelete.InsertAndDeleteNodesShallowWithPruning;MutableHierarchyInsertDelete;InsertAndDeleteNodesShallowWithPruning;;Throughput;Host;Host;Host;Classic;Host;;2;Result;3;572904922.19;20;28645246.11
MutableHierarchyInsertDelete.InsertAndDeleteNodesShallowWithPruning;MutableHierarchyInsertDelete;InsertAndDeleteNodesShallowWithPruning;;Throughput;Host;Host;Host;Classic;Host;;2;Result;4;574604338.58;20;28730216.93
MutableHierarchyInsertDelete.InsertAndDeleteNodesShallowWithPruning;MutableHierarchyInsertDelete;InsertAndDeleteNodesShallowWithPruning;;Throughput;Host;Host;Host;Classic;Host;;2;Result;5;576007311.72;20;28800365.59
MutableHierarchyInsertDelete.InsertAndDeleteNodesShallow;MutableHierarchyInsertDelete;InsertAndDeleteNodesShallow;;Throughput;Host;Host;Host;Classic;Host;;1;Pilot;1;567907266.64;20;28395363.33
MutableHierarchyInsertDelete.InsertAndDeleteNodesShallow;MutableHierarchyInsertDelete;InsertAndDeleteNodesShallow;;Throughput;Host;Host;Host;Classic;Host;;1;IdleWarmup;1;9854.07;20;492.7
MutableHierarchyInsertDelete.InsertAndDeleteNodesShallow;MutableHierarchyInsertDelete;InsertAndDeleteNodesShallow;;Throughput;Host;Host;Host;Classic;Host;;1;IdleWarmup;2;19708.14;20;985.41
MutableHierarchyInsertDelete.InsertAndDeleteNodesShallow;MutableHierarchyInsertDelete;InsertAndDeleteNodesShallow;;Throughput;Host;Host;Host;Classic;Host;;1;IdleWarmup;3;5748.21;20;287.41
MutableHierarchyInsertDelete.InsertAndDeleteNodesShallow;MutableHierarchyInsertDelete;InsertAndDeleteNodesShallow;;Throughput;Host;Host;Host;Classic;Host;;1;IdleWarmup;4;5748.21;20;287.41
MutableHierarchyInsertDelete.InsertAndDeleteNodesShallow;MutableHierarchyInsertDelete;InsertAndDeleteNodesShallow;;Throughput;Host;Host;Host;Classic;Host;;1;IdleWarmup;5;6979.97;20;349
MutableHierarchyInsertDelete.InsertAndDeleteNodesShallow;MutableHierarchyInsertDelete;InsertAndDeleteNodesShallow;;Throughput;Host;Host;Host;Classic;Host;;1;IdleTarget;1;6979.97;20;349
MutableHierarchyInsertDelete.InsertAndDeleteNodesShallow;MutableHierarchyInsertDelete;InsertAndDeleteNodesShallow;;Throughput;Host;Host;Host;Classic;Host;;1;IdleTarget;2;16012.86;20;800.64
MutableHierarchyInsertDelete.InsertAndDeleteNodesShallow;MutableHierarchyInsertDelete;InsertAndDeleteNodesShallow;;Throughput;Host;Host;Host;Classic;Host;;1;IdleTarget;3;6979.97;20;349
MutableHierarchyInsertDelete.InsertAndDeleteNodesShallow;MutableHierarchyInsertDelete;InsertAndDeleteNodesShallow;;Throughput;Host;Host;Host;Classic;Host;;1;IdleTarget;4;6979.97;20;349
MutableHierarchyInsertDelete.InsertAndDeleteNodesShallow;MutableHierarchyInsertDelete;InsertAndDeleteNodesShallow;;Throughput;Host;Host;Host;Classic;Host;;1;IdleTarget;5;6158.79;20;307.94
MutableHierarchyInsertDelete.InsertAndDeleteNodesShallow;MutableHierarchyInsertDelete;InsertAndDeleteNodesShallow;;Throughput;Host;Host;Host;Classic;Host;;1;IdleTarget;6;6979.97;20;349
MutableHierarchyInsertDelete.InsertAndDeleteNodesShallow;MutableHierarchyInsertDelete;InsertAndDeleteNodesShallow;;Throughput;Host;Host;Host;Classic;Host;;1;IdleTarget;7;6979.97;20;349
MutableHierarchyInsertDelete.InsertAndDeleteNodesShallow;MutableHierarchyInsertDelete;InsertAndDeleteNodesShallow;;Throughput;Host;Host;Host;Classic;Host;;1;IdleTarget;8;6158.79;20;307.94
MutableHierarchyInsertDelete.InsertAndDeleteNodesShallow;MutableHierarchyInsertDelete;InsertAndDeleteNodesShallow;;Throughput;Host;Host;Host;Classic;Host;;1;IdleTarget;9;6158.79;20;307.94
MutableHierarchyInsertDelete.InsertAndDeleteNodesShallow;MutableHierarchyInsertDelete;InsertAndDeleteNodesShallow;;Throughput;Host;Host;Host;Classic;Host;;1;IdleTarget;10;6979.97;20;349
MutableHierarchyInsertDelete.InsertAndDeleteNodesShallow;MutableHierarchyInsertDelete;InsertAndDeleteNodesShallow;;Throughput;Host;Host;Host;Classic;Host;;1;MainWarmup;1;566507988.78;20;28325399.44
MutableHierarchyInsertDelete.InsertAndDeleteNodesShallow;MutableHierarchyInsertDelete;InsertAndDeleteNodesShallow;;Throughput;Host;Host;Host;Classic;Host;;1;MainWarmup;2;567570175.34;20;28378508.77
MutableHierarchyInsertDelete.InsertAndDeleteNodesShallow;MutableHierarchyInsertDelete;InsertAndDeleteNodesShallow;;Throughput;Host;Host;Host;Classic;Host;;1;MainWarmup;3;571402997.77;20;28570149.89
MutableHierarchyInsertDelete.InsertAndDeleteNodesShallow;MutableHierarchyInsertDelete;InsertAndDeleteNodesShallow;;Throughput;Host;Host;Host;Classic;Host;;1;MainWarmup;4;570357645.24;20;28517882.26
MutableHierarchyInsertDelete.InsertAndDeleteNodesShallow;MutableHierarchyInsertDelete;InsertAndDeleteNodesShallow;;Throughput;Host;Host;Host;Classic;Host;;1;MainWarmup;5;567807904.77;20;28390395.24
MutableHierarchyInsertDelete.InsertAndDeleteNodesShallow;MutableHierarchyInsertDelete;InsertAndDeleteNodesShallow;;Throughput;Host;Host;Host;Classic;Host;;1;MainWarmup;6;567767256.73;20;28388362.84
MutableHierarchyInsertDelete.InsertAndDeleteNodesShallow;MutableHierarchyInsertDelete;InsertAndDeleteNodesShallow;;Throughput;Host;Host;Host;Classic;Host;;1;MainWarmup;7;569065119.8;20;28453255.99
MutableHierarchyInsertDelete.InsertAndDeleteNodesShallow;MutableHierarchyInsertDelete;InsertAndDeleteNodesShallow;;Throughput;Host;Host;Host;Classic;Host;;1;MainTarget;1;567722092.25;20;28386104.61
MutableHierarchyInsertDelete.InsertAndDeleteNodesShallow;MutableHierarchyInsertDelete;InsertAndDeleteNodesShallow;;Throughput;Host;Host;Host;Classic;Host;;1;MainTarget;2;567740158.04;20;28387007.9
MutableHierarchyInsertDelete.InsertAndDeleteNodesShallow;MutableHierarchyInsertDelete;InsertAndDeleteNodesShallow;;Throughput;Host;Host;Host;Classic;Host;;1;MainTarget;3;567605075.17;20;28380253.76
MutableHierarchyInsertDelete.InsertAndDeleteNodesShallow;MutableHierarchyInsertDelete;InsertAndDeleteNodesShallow;;Throughput;Host;Host;Host;Classic;Host;;1;MainTarget;4;566914879.73;20;28345743.99
MutableHierarchyInsertDelete.InsertAndDeleteNodesShallow;MutableHierarchyInsertDelete;InsertAndDeleteNodesShallow;;Throughput;Host;Host;Host;Classic;Host;;1;MainTarget;5;565982848.99;20;28299142.45
MutableHierarchyInsertDelete.InsertAndDeleteNodesShallow;MutableHierarchyInsertDelete;InsertAndDeleteNodesShallow;;Throughput;Host;Host;Host;Classic;Host;;1;Result;1;567715112.28;20;28385755.61
MutableHierarchyInsertDelete.InsertAndDeleteNodesShallow;MutableHierarchyInsertDelete;InsertAndDeleteNodesShallow;;Throughput;Host;Host;Host;Classic;Host;;1;Result;2;567733178.08;20;28386658.9
MutableHierarchyInsertDelete.InsertAndDeleteNodesShallow;MutableHierarchyInsertDelete;InsertAndDeleteNodesShallow;;Throughput;Host;Host;Host;Classic;Host;;1;Result;3;567598095.21;20;28379904.76
MutableHierarchyInsertDelete.InsertAndDeleteNodesShallow;MutableHierarchyInsertDelete;InsertAndDeleteNodesShallow;;Throughput;Host;Host;Host;Classic;Host;;1;Result;4;566907899.76;20;28345394.99
MutableHierarchyInsertDelete.InsertAndDeleteNodesShallow;MutableHierarchyInsertDelete;InsertAndDeleteNodesShallow;;Throughput;Host;Host;Host;Classic;Host;;1;Result;5;565975869.03;20;28298793.45
MutableHierarchyInsertDelete.InsertAndDeleteNodesShallow;MutableHierarchyInsertDelete;InsertAndDeleteNodesShallow;;Throughput;Host;Host;Host;Classic;Host;;2;Pilot;1;569827989.01;20;28491399.45
MutableHierarchyInsertDelete.InsertAndDeleteNodesShallow;MutableHierarchyInsertDelete;InsertAndDeleteNodesShallow;;Throughput;Host;Host;Host;Classic;Host;;2;IdleWarmup;1;10675.24;20;533.76
MutableHierarchyInsertDelete.InsertAndDeleteNodesShallow;MutableHierarchyInsertDelete;InsertAndDeleteNodesShallow;;Throughput;Host;Host;Host;Classic;Host;;2;IdleWarmup;2;6979.97;20;349
MutableHierarchyInsertDelete.InsertAndDeleteNodesShallow;MutableHierarchyInsertDelete;InsertAndDeleteNodesShallow;;Throughput;Host;Host;Host;Classic;Host;;2;IdleWarmup;3;6979.97;20;349
MutableHierarchyInsertDelete.InsertAndDeleteNodesShallow;MutableHierarchyInsertDelete;InsertAndDeleteNodesShallow;;Throughput;Host;Host;Host;Classic;Host;;2;IdleWarmup;4;6158.79;20;307.94
MutableHierarchyInsertDelete.InsertAndDeleteNodesShallow;MutableHierarchyInsertDelete;InsertAndDeleteNodesShallow;;Throughput;Host;Host;Host;Classic;Host;;2;IdleWarmup;5;6979.97;20;349
MutableHierarchyInsertDelete.InsertAndDeleteNodesShallow;MutableHierarchyInsertDelete;InsertAndDeleteNodesShallow;;Throughput;Host;Host;Host;Classic;Host;;2;IdleWarmup;6;5748.21;20;287.41
MutableHierarchyInsertDelete.InsertAndDeleteNodesShallow;MutableHierarchyInsertDelete;InsertAndDeleteNodesShallow;;Throughput;Host;Host;Host;Classic;Host;;2;IdleWarmup;7;6979.97;20;349
MutableHierarchyInsertDelete.InsertAndDeleteNodesShallow;MutableHierarchyInsertDelete;InsertAndDeleteNodesShallow;;Throughput;Host;Host;Host;Classic;Host;;2;IdleTarget;1;5748.21;20;287.41
MutableHierarchyInsertDelete.InsertAndDeleteNodesShallow;MutableHierarchyInsertDelete;InsertAndDeleteNodesShallow;;Throughput;Host;Host;Host;Classic;Host;;2;IdleTarget;2;6158.79;20;307.94
MutableHierarchyInsertDelete.InsertAndDeleteNodesShallow;MutableHierarchyInsertDelete;InsertAndDeleteNodesShallow;;Throughput;Host;Host;Host;Classic;Host;;2;IdleTarget;3;6158.79;20;307.94
MutableHierarchyInsertDelete.InsertAndDeleteNodesShallow;MutableHierarchyInsertDelete;InsertAndDeleteNodesShallow;;Throughput;Host;Host;Host;Classic;Host;;2;IdleTarget;4;7390.55;20;369.53
MutableHierarchyInsertDelete.InsertAndDeleteNodesShallow;MutableHierarchyInsertDelete;InsertAndDeleteNodesShallow;;Throughput;Host;Host;Host;Classic;Host;;2;IdleTarget;5;5748.21;20;287.41
MutableHierarchyInsertDelete.InsertAndDeleteNodesShallow;MutableHierarchyInsertDelete;InsertAndDeleteNodesShallow;;Throughput;Host;Host;Host;Classic;Host;;2;IdleTarget;6;5748.21;20;287.41
MutableHierarchyInsertDelete.InsertAndDeleteNodesShallow;MutableHierarchyInsertDelete;InsertAndDeleteNodesShallow;;Throughput;Host;Host;Host;Classic;Host;;2;IdleTarget;7;6979.97;20;349
MutableHierarchyInsertDelete.InsertAndDeleteNodesShallow;MutableHierarchyInsertDelete;InsertAndDeleteNodesShallow;;Throughput;Host;Host;Host;Classic;Host;;2;IdleTarget;8;6979.97;20;349
MutableHierarchyInsertDelete.InsertAndDeleteNodesShallow;MutableHierarchyInsertDelete;InsertAndDeleteNodesShallow;;Throughput;Host;Host;Host;Classic;Host;;2;IdleTarget;9;6979.97;20;349
MutableHierarchyInsertDelete.InsertAndDeleteNodesShallow;MutableHierarchyInsertDelete;InsertAndDeleteNodesShallow;;Throughput;Host;Host;Host;Classic;Host;;2;IdleTarget;10;6158.79;20;307.94
MutableHierarchyInsertDelete.InsertAndDeleteNodesShallow;MutableHierarchyInsertDelete;InsertAndDeleteNodesShallow;;Throughput;Host;Host;Host;Classic;Host;;2;MainWarmup;1;566934177.28;20;28346708.86
MutableHierarchyInsertDelete.InsertAndDeleteNodesShallow;MutableHierarchyInsertDelete;InsertAndDeleteNodesShallow;;Throughput;Host;Host;Host;Classic;Host;;2;MainWarmup;2;565967657.3;20;28298382.87
MutableHierarchyInsertDelete.InsertAndDeleteNodesShallow;MutableHierarchyInsertDelete;InsertAndDeleteNodesShallow;;Throughput;Host;Host;Host;Classic;Host;;2;MainWarmup;3;566540014.5;20;28327000.73
MutableHierarchyInsertDelete.InsertAndDeleteNodesShallow;MutableHierarchyInsertDelete;InsertAndDeleteNodesShallow;;Throughput;Host;Host;Host;Classic;Host;;2;MainWarmup;4;571279000.73;20;28563950.04
MutableHierarchyInsertDelete.InsertAndDeleteNodesShallow;MutableHierarchyInsertDelete;InsertAndDeleteNodesShallow;;Throughput;Host;Host;Host;Classic;Host;;2;MainWarmup;5;567654756.11;20;28382737.81
MutableHierarchyInsertDelete.InsertAndDeleteNodesShallow;MutableHierarchyInsertDelete;InsertAndDeleteNodesShallow;;Throughput;Host;Host;Host;Classic;Host;;2;MainWarmup;6;564823764.07;20;28241188.2
MutableHierarchyInsertDelete.InsertAndDeleteNodesShallow;MutableHierarchyInsertDelete;InsertAndDeleteNodesShallow;;Throughput;Host;Host;Host;Classic;Host;;2;MainWarmup;7;566292020.42;20;28314601.02
MutableHierarchyInsertDelete.InsertAndDeleteNodesShallow;MutableHierarchyInsertDelete;InsertAndDeleteNodesShallow;;Throughput;Host;Host;Host;Classic;Host;;2;MainTarget;1;563522205.73;20;28176110.29
MutableHierarchyInsertDelete.InsertAndDeleteNodesShallow;MutableHierarchyInsertDelete;InsertAndDeleteNodesShallow;;Throughput;Host;Host;Host;Classic;Host;;2;MainTarget;2;569567266.75;20;28478363.34
MutableHierarchyInsertDelete.InsertAndDeleteNodesShallow;MutableHierarchyInsertDelete;InsertAndDeleteNodesShallow;;Throughput;Host;Host;Host;Classic;Host;;2;MainTarget;3;564495295.09;20;28224764.75
MutableHierarchyInsertDelete.InsertAndDeleteNodesShallow;MutableHierarchyInsertDelete;InsertAndDeleteNodesShallow;;Throughput;Host;Host;Host;Classic;Host;;2;MainTarget;4;565707756.22;20;28285387.81
MutableHierarchyInsertDelete.InsertAndDeleteNodesShallow;MutableHierarchyInsertDelete;InsertAndDeleteNodesShallow;;Throughput;Host;Host;Host;Classic;Host;;2;MainTarget;5;560694087.8;20;28034704.39
MutableHierarchyInsertDelete.InsertAndDeleteNodesShallow;MutableHierarchyInsertDelete;InsertAndDeleteNodesShallow;;Throughput;Host;Host;Host;Classic;Host;;2;Result;1;563516046.94;20;28175802.35
MutableHierarchyInsertDelete.InsertAndDeleteNodesShallow;MutableHierarchyInsertDelete;InsertAndDeleteNodesShallow;;Throughput;Host;Host;Host;Classic;Host;;2;Result;2;569561107.96;20;28478055.4
MutableHierarchyInsertDelete.InsertAndDeleteNodesShallow;MutableHierarchyInsertDelete;InsertAndDeleteNodesShallow;;Throughput;Host;Host;Host;Classic;Host;;2;Result;3;564489136.3;20;28224456.82
MutableHierarchyInsertDelete.InsertAndDeleteNodesShallow;MutableHierarchyInsertDelete;InsertAndDeleteNodesShallow;;Throughput;Host;Host;Host;Classic;Host;;2;Result;4;565701597.43;20;28285079.87
MutableHierarchyInsertDelete.InsertAndDeleteNodesShallow;MutableHierarchyInsertDelete;InsertAndDeleteNodesShallow;;Throughput;Host;Host;Host;Classic;Host;;2;Result;5;560687929.01;20;28034396.45
